case,sample_id,relative_position,alt_base,importance
acceptor,syn_e6f20e741ee1af24,-50,A,0.0
acceptor,syn_e6f20e741ee1af24,-50,C,0.0
acceptor,syn_e6f20e741ee1af24,-50,G,0.0
acceptor,syn_e6f20e741ee1af24,-50,T,0.0
acceptor,syn_e6f20e741ee1af24,-49,A,0.012427928977184588
acceptor,syn_e6f20e741ee1af24,-49,C,0.012427928977184588
acceptor,syn_e6f20e741ee1af24,-49,G,0.012427928977184588
acceptor,syn_e6f20e741ee1af24,-49,T,0.0
acceptor,syn_e6f20e741ee1af24,-48,A,0.0
acceptor,syn_e6f20e741ee1af24,-48,C,0.012427928977184588
acceptor,syn_e6f20e741ee1af24,-48,G,0.012427928977184588
acceptor,syn_e6f20e741ee1af24,-48,T,0.012427928977184588
acceptor,syn_e6f20e741ee1af24,-47,A,0.012427928977184588
acceptor,syn_e6f20e741ee1af24,-47,C,0.0
acceptor,syn_e6f20e741ee1af24,-47,G,0.012427928977184588
acceptor,syn_e6f20e741ee1af24,-47,T,0.012427928977184588
acceptor,syn_e6f20e741ee1af24,-46,A,0.012427928977184588
acceptor,syn_e6f20e741ee1af24,-46,C,0.012427928977184588
acceptor,syn_e6f20e741ee1af24,-46,G,0.012427928977184588
acceptor,syn_e6f20e741ee1af24,-46,T,0.0
acceptor,syn_e6f20e741ee1af24,-45,A,0.0
acceptor,syn_e6f20e741ee1af24,-45,C,0.012427928977184588
acceptor,syn_e6f20e741ee1af24,-45,G,0.012427928977184588
acceptor,syn_e6f20e741ee1af24,-45,T,0.012427928977184588
acceptor,syn_e6f20e741ee1af24,-44,A,0.0
acceptor,syn_e6f20e741ee1af24,-44,C,0.012427928977184588
acceptor,syn_e6f20e741ee1af24,-44,G,0.012427928977184588
acceptor,syn_e6f20e741ee1af24,-44,T,0.012427928977184588
acceptor,syn_e6f20e741ee1af24,-43,A,0.012427928977184588
acceptor,syn_e6f20e741ee1af24,-43,C,0.0
acceptor,syn_e6f20e741ee1af24,-43,G,0.012427928977184588
acceptor,syn_e6f20e741ee1af24,-43,T,0.012427928977184588
acceptor,syn_e6f20e741ee1af24,-42,A,0.0
acceptor,syn_e6f20e741ee1af24,-42,C,0.0
acceptor,syn_e6f20e741ee1af24,-42,G,0.0
acceptor,syn_e6f20e741ee1af24,-42,T,0.0
acceptor,syn_e6f20e741ee1af24,-41,A,0.0
acceptor,syn_e6f20e741ee1af24,-41,C,0.0
acceptor,syn_e6f20e741ee1af24,-41,G,0.0
acceptor,syn_e6f20e741ee1af24,-41,T,0.0
acceptor,syn_e6f20e741ee1af24,-40,A,0.0
acceptor,syn_e6f20e741ee1af24,-40,C,0.0
acceptor,syn_e6f20e741ee1af24,-40,G,0.0
acceptor,syn_e6f20e741ee1af24,-40,T,0.0
acceptor,syn_e6f20e741ee1af24,-39,A,0.0
acceptor,syn_e6f20e741ee1af24,-39,C,0.0
acceptor,syn_e6f20e741ee1af24,-39,G,0.0
acceptor,syn_e6f20e741ee1af24,-39,T,0.0
acceptor,syn_e6f20e741ee1af24,-38,A,0.0
acceptor,syn_e6f20e741ee1af24,-38,C,0.0
acceptor,syn_e6f20e741ee1af24,-38,G,0.0
acceptor,syn_e6f20e741ee1af24,-38,T,0.0
acceptor,syn_e6f20e741ee1af24,-37,A,0.0
acceptor,syn_e6f20e741ee1af24,-37,C,0.0
acceptor,syn_e6f20e741ee1af24,-37,G,0.0
acceptor,syn_e6f20e741ee1af24,-37,T,0.0
acceptor,syn_e6f20e741ee1af24,-36,A,0.0
acceptor,syn_e6f20e741ee1af24,-36,C,0.0
acceptor,syn_e6f20e741ee1af24,-36,G,0.0
acceptor,syn_e6f20e741ee1af24,-36,T,0.0
acceptor,syn_e6f20e741ee1af24,-35,A,0.0009509719148658169
acceptor,syn_e6f20e741ee1af24,-35,C,0.0
acceptor,syn_e6f20e741ee1af24,-35,G,0.0009509719148658169
acceptor,syn_e6f20e741ee1af24,-35,T,0.0
acceptor,syn_e6f20e741ee1af24,-34,A,0.0009509719148658169
acceptor,syn_e6f20e741ee1af24,-34,C,0.0
acceptor,syn_e6f20e741ee1af24,-34,G,0.0009509719148658169
acceptor,syn_e6f20e741ee1af24,-34,T,0.0
acceptor,syn_e6f20e741ee1af24,-33,A,0.0009509719148658169
acceptor,syn_e6f20e741ee1af24,-33,C,0.0
acceptor,syn_e6f20e741ee1af24,-33,G,0.0009509719148658169
acceptor,syn_e6f20e741ee1af24,-33,T,0.0
acceptor,syn_e6f20e741ee1af24,-32,A,0.0009509719148658169
acceptor,syn_e6f20e741ee1af24,-32,C,0.0
acceptor,syn_e6f20e741ee1af24,-32,G,0.0009509719148658169
acceptor,syn_e6f20e741ee1af24,-32,T,0.0
acceptor,syn_e6f20e741ee1af24,-31,A,0.0009509719148658169
acceptor,syn_e6f20e741ee1af24,-31,C,0.0
acceptor,syn_e6f20e741ee1af24,-31,G,0.0009509719148658169
acceptor,syn_e6f20e741ee1af24,-31,T,0.0
acceptor,syn_e6f20e741ee1af24,-30,A,0.0009509719148658169
acceptor,syn_e6f20e741ee1af24,-30,C,0.0
acceptor,syn_e6f20e741ee1af24,-30,G,0.0009509719148658169
acceptor,syn_e6f20e741ee1af24,-30,T,0.0
acceptor,syn_e6f20e741ee1af24,-29,A,0.0009509719148658169
acceptor,syn_e6f20e741ee1af24,-29,C,0.0
acceptor,syn_e6f20e741ee1af24,-29,G,0.0009509719148658169
acceptor,syn_e6f20e741ee1af24,-29,T,0.0
acceptor,syn_e6f20e741ee1af24,-28,A,0.0009509719148658169
acceptor,syn_e6f20e741ee1af24,-28,C,0.0
acceptor,syn_e6f20e741ee1af24,-28,G,0.0009509719148658169
acceptor,syn_e6f20e741ee1af24,-28,T,0.0
acceptor,syn_e6f20e741ee1af24,-27,A,0.0009509719148658169
acceptor,syn_e6f20e741ee1af24,-27,C,0.0
acceptor,syn_e6f20e741ee1af24,-27,G,0.0009509719148658169
acceptor,syn_e6f20e741ee1af24,-27,T,0.0
acceptor,syn_e6f20e741ee1af24,-26,A,0.0009509719148658169
acceptor,syn_e6f20e741ee1af24,-26,C,0.0
acceptor,syn_e6f20e741ee1af24,-26,G,0.0009509719148658169
acceptor,syn_e6f20e741ee1af24,-26,T,0.0
acceptor,syn_e6f20e741ee1af24,-25,A,0.0009509719148658169
acceptor,syn_e6f20e741ee1af24,-25,C,0.0
acceptor,syn_e6f20e741ee1af24,-25,G,0.0009509719148658169
acceptor,syn_e6f20e741ee1af24,-25,T,0.0
acceptor,syn_e6f20e741ee1af24,-24,A,0.0009509719148658169
acceptor,syn_e6f20e741ee1af24,-24,C,0.0
acceptor,syn_e6f20e741ee1af24,-24,G,0.0009509719148658169
acceptor,syn_e6f20e741ee1af24,-24,T,0.0
acceptor,syn_e6f20e741ee1af24,-23,A,0.0009509719148658169
acceptor,syn_e6f20e741ee1af24,-23,C,0.0
acceptor,syn_e6f20e741ee1af24,-23,G,0.0009509719148658169
acceptor,syn_e6f20e741ee1af24,-23,T,0.0
acceptor,syn_e6f20e741ee1af24,-22,A,0.0009509719148658169
acceptor,syn_e6f20e741ee1af24,-22,C,0.0
acceptor,syn_e6f20e741ee1af24,-22,G,0.0009509719148658169
acceptor,syn_e6f20e741ee1af24,-22,T,0.0
acceptor,syn_e6f20e741ee1af24,-21,A,0.0009509719148658169
acceptor,syn_e6f20e741ee1af24,-21,C,0.0
acceptor,syn_e6f20e741ee1af24,-21,G,0.0009509719148658169
acceptor,syn_e6f20e741ee1af24,-21,T,0.0
acceptor,syn_e6f20e741ee1af24,-20,A,0.0009509719148658169
acceptor,syn_e6f20e741ee1af24,-20,C,-0.003981967451514357
acceptor,syn_e6f20e741ee1af24,-20,G,-0.0030309955366485397
acceptor,syn_e6f20e741ee1af24,-20,T,0.0
acceptor,syn_e6f20e741ee1af24,-19,A,0.0009509719148658169
acceptor,syn_e6f20e741ee1af24,-19,C,-0.003981967451514357
acceptor,syn_e6f20e741ee1af24,-19,G,-0.0030309955366485397
acceptor,syn_e6f20e741ee1af24,-19,T,0.0
acceptor,syn_e6f20e741ee1af24,-18,A,0.002497933240832806
acceptor,syn_e6f20e741ee1af24,-18,C,0.0
acceptor,syn_e6f20e741ee1af24,-18,G,0.0009509719148658169
acceptor,syn_e6f20e741ee1af24,-18,T,0.001546961325966989
acceptor,syn_e6f20e741ee1af24,-17,A,0.0009509719148658169
acceptor,syn_e6f20e741ee1af24,-17,C,-0.003981967451514357
acceptor,syn_e6f20e741ee1af24,-17,G,-0.0030309955366485397
acceptor,syn_e6f20e741ee1af24,-17,T,0.0
acceptor,syn_e6f20e741ee1af24,-16,A,0.0009509719148658169
acceptor,syn_e6f20e741ee1af24,-16,C,-0.003981967451514357
acceptor,syn_e6f20e741ee1af24,-16,G,-0.0030309955366485397
acceptor,syn_e6f20e741ee1af24,-16,T,0.0
acceptor,syn_e6f20e741ee1af24,-15,A,0.002497933240832806
acceptor,syn_e6f20e741ee1af24,-15,C,0.0
acceptor,syn_e6f20e741ee1af24,-15,G,0.0009509719148658169
acceptor,syn_e6f20e741ee1af24,-15,T,0.001546961325966989
acceptor,syn_e6f20e741ee1af24,-14,A,0.0
acceptor,syn_e6f20e741ee1af24,-14,C,-0.004862133731127982
acceptor,syn_e6f20e741ee1af24,-14,G,-0.003981967451514357
acceptor,syn_e6f20e741ee1af24,-14,T,-0.0008801662796137366
acceptor,syn_e6f20e741ee1af24,-13,A,0.002497933240832806
acceptor,syn_e6f20e741ee1af24,-13,C,0.0
acceptor,syn_e6f20e741ee1af24,-13,G,0.01088096158577101
acceptor,syn_e6f20e741ee1af24,-13,T,0.001546961325966989
acceptor,syn_e6f20e741ee1af24,-12,A,0.01088096158577101
acceptor,syn_e6f20e741ee1af24,-12,C,-0.003981967451514357
acceptor,syn_e6f20e741ee1af24,-12,G,-0.0030309955366485397
acceptor,syn_e6f20e741ee1af24,-12,T,0.0
acceptor,syn_e6f20e741ee1af24,-11,A,0.010771752579111893
acceptor,syn_e6f20e741ee1af24,-11,C,-0.0008801662796137366
acceptor,syn_e6f20e741ee1af24,-11,G,0.0
acceptor,syn_e6f20e741ee1af24,-11,T,0.0006667950463531414
acceptor,syn_e6f20e741ee1af24,-10,A,0.001546961325966989
acceptor,syn_e6f20e741ee1af24,-10,C,0.0011229249104945938
acceptor,syn_e6f20e741ee1af24,-10,G,0.0
acceptor,syn_e6f20e741ee1af24,-10,T,0.0006667950463531414
acceptor,syn_e6f20e741ee1af24,-9,A,0.0
acceptor,syn_e6f20e741ee1af24,-9,C,-0.004862133731127982
acceptor,syn_e6f20e741ee1af24,-9,G,-0.003981967451514357
acceptor,syn_e6f20e741ee1af24,-9,T,-0.0008801662796137366
acceptor,syn_e6f20e741ee1af24,-8,A,0.0009509719148658169
acceptor,syn_e6f20e741ee1af24,-8,C,-0.003981967451514357
acceptor,syn_e6f20e741ee1af24,-8,G,0.006898994134256653
acceptor,syn_e6f20e741ee1af24,-8,T,0.0
acceptor,syn_e6f20e741ee1af24,-7,A,0.0009509719148658169
acceptor,syn_e6f20e741ee1af24,-7,C,-0.003981967451514357
acceptor,syn_e6f20e741ee1af24,-7,G,-0.0030309955366485397
acceptor,syn_e6f20e741ee1af24,-7,T,0.0
acceptor,syn_e6f20e741ee1af24,-6,A,0.0009509719148658169
acceptor,syn_e6f20e741ee1af24,-6,C,-0.003981967451514357
acceptor,syn_e6f20e741ee1af24,-6,G,-0.0030309955366485397
acceptor,syn_e6f20e741ee1af24,-6,T,0.0
acceptor,syn_e6f20e741ee1af24,-5,A,0.0
acceptor,syn_e6f20e741ee1af24,-5,C,-0.003981967451514357
acceptor,syn_e6f20e741ee1af24,-5,G,-0.003981967451514357
acceptor,syn_e6f20e741ee1af24,-5,T,0.0
acceptor,syn_e6f20e741ee1af24,-4,A,0.0
acceptor,syn_e6f20e741ee1af24,-4,C,-0.003981967451514357
acceptor,syn_e6f20e741ee1af24,-4,G,-0.003981967451514357
acceptor,syn_e6f20e741ee1af24,-4,T,0.0
acceptor,syn_e6f20e741ee1af24,-3,A,0.0
acceptor,syn_e6f20e741ee1af24,-3,C,-0.003981967451514357
acceptor,syn_e6f20e741ee1af24,-3,G,-0.003981967451514357
acceptor,syn_e6f20e741ee1af24,-3,T,0.0
acceptor,syn_e6f20e741ee1af24,-2,A,0.0
acceptor,syn_e6f20e741ee1af24,-2,C,0.5048378728103173
acceptor,syn_e6f20e741ee1af24,-2,G,0.5033711760767381
acceptor,syn_e6f20e741ee1af24,-2,T,0.5033711760767381
acceptor,syn_e6f20e741ee1af24,-1,A,0.5051952586336632
acceptor,syn_e6f20e741ee1af24,-1,C,0.5039706384890883
acceptor,syn_e6f20e741ee1af24,-1,G,0.0
acceptor,syn_e6f20e741ee1af24,-1,T,0.5039706384890883
acceptor,syn_e6f20e741ee1af24,0,A,0.0
acceptor,syn_e6f20e741ee1af24,0,C,-0.003981967451514357
acceptor,syn_e6f20e741ee1af24,0,G,-0.005344155902752501
acceptor,syn_e6f20e741ee1af24,0,T,0.0
acceptor,syn_e6f20e741ee1af24,1,A,0.0
acceptor,syn_e6f20e741ee1af24,1,C,-0.003981967451514357
acceptor,syn_e6f20e741ee1af24,1,G,0.006720692644460735
acceptor,syn_e6f20e741ee1af24,1,T,0.0
acceptor,syn_e6f20e741ee1af24,2,A,0.001546961325966989
acceptor,syn_e6f20e741ee1af24,2,C,0.0
acceptor,syn_e6f20e741ee1af24,2,G,0.0
acceptor,syn_e6f20e741ee1af24,2,T,0.01224962142194197
acceptor,syn_e6f20e741ee1af24,3,A,0.0
acceptor,syn_e6f20e741ee1af24,3,C,-0.004718956957804665
acceptor,syn_e6f20e741ee1af24,3,G,-0.0046300614527637896
acceptor,syn_e6f20e741ee1af24,3,T,-0.0007369895062903087
acceptor,syn_e6f20e741ee1af24,4,A,-0.001654274965534941
acceptor,syn_e6f20e741ee1af24,4,C,-0.003981967451514357
acceptor,syn_e6f20e741ee1af24,4,G,-0.003981967451514357
acceptor,syn_e6f20e741ee1af24,4,T,0.0
acceptor,syn_e6f20e741ee1af24,5,A,0.0
acceptor,syn_e6f20e741ee1af24,5,C,-0.003981967451514357
acceptor,syn_e6f20e741ee1af24,5,G,-0.0056362424170492975
acceptor,syn_e6f20e741ee1af24,5,T,0.0
acceptor,syn_e6f20e741ee1af24,6,A,0.0
acceptor,syn_e6f20e741ee1af24,6,C,-0.003981967451514357
acceptor,syn_e6f20e741ee1af24,6,G,-0.003981967451514357
acceptor,syn_e6f20e741ee1af24,6,T,-0.001922583898672059
acceptor,syn_e6f20e741ee1af24,7,A,0.0
acceptor,syn_e6f20e741ee1af24,7,C,-0.003981967451514357
acceptor,syn_e6f20e741ee1af24,7,G,-0.0038441461890377226
acceptor,syn_e6f20e741ee1af24,7,T,0.0
acceptor,syn_e6f20e741ee1af24,8,A,0.0
acceptor,syn_e6f20e741ee1af24,8,C,-0.003981967451514357
acceptor,syn_e6f20e741ee1af24,8,G,-0.003981967451514357
acceptor,syn_e6f20e741ee1af24,8,T,0.0
acceptor,syn_e6f20e741ee1af24,9,A,0.0
acceptor,syn_e6f20e741ee1af24,9,C,-0.003981967451514357
acceptor,syn_e6f20e741ee1af24,9,G,-0.0038441461890377226
acceptor,syn_e6f20e741ee1af24,9,T,0.0
acceptor,syn_e6f20e741ee1af24,10,A,0.0
acceptor,syn_e6f20e741ee1af24,10,C,-0.003981967451514357
acceptor,syn_e6f20e741ee1af24,10,G,-0.003981967451514357
acceptor,syn_e6f20e741ee1af24,10,T,0.0
acceptor,syn_e6f20e741ee1af24,11,A,0.0014176638978959932
acceptor,syn_e6f20e741ee1af24,11,C,-0.0001292974280707737
acceptor,syn_e6f20e741ee1af24,11,G,0.0
acceptor,syn_e6f20e741ee1af24,11,T,0.0014176638978959932
acceptor,syn_e6f20e741ee1af24,12,A,-0.0001292974280707737
acceptor,syn_e6f20e741ee1af24,12,C,-0.004111264879585241
acceptor,syn_e6f20e741ee1af24,12,G,-0.004111264879585241
acceptor,syn_e6f20e741ee1af24,12,T,0.0
acceptor,syn_e6f20e741ee1af24,13,A,0.0
acceptor,syn_e6f20e741ee1af24,13,C,-0.004111264879585241
acceptor,syn_e6f20e741ee1af24,13,G,-0.003981967451514357
acceptor,syn_e6f20e741ee1af24,13,T,-0.0001292974280707737
acceptor,syn_e6f20e741ee1af24,14,A,0.0
acceptor,syn_e6f20e741ee1af24,14,C,1.803254848564695e-05
acceptor,syn_e6f20e741ee1af24,14,G,-0.003981967451514357
acceptor,syn_e6f20e741ee1af24,14,T,0.0040000000000000036
acceptor,syn_e6f20e741ee1af24,15,A,0.001546961325966989
acceptor,syn_e6f20e741ee1af24,15,C,0.0040000000000000036
acceptor,syn_e6f20e741ee1af24,15,G,0.0
acceptor,syn_e6f20e741ee1af24,15,T,0.0055469613259669925
acceptor,syn_e6f20e741ee1af24,16,A,0.001546961325966989
acceptor,syn_e6f20e741ee1af24,16,C,0.0020030911901082193
acceptor,syn_e6f20e741ee1af24,16,G,0.0
acceptor,syn_e6f20e741ee1af24,16,T,0.001684782588443512
acceptor,syn_e6f20e741ee1af24,17,A,0.0
acceptor,syn_e6f20e741ee1af24,17,C,-0.0019788762614061373
acceptor,syn_e6f20e741ee1af24,17,G,-0.003981967451514357
acceptor,syn_e6f20e741ee1af24,17,T,0.00013782126247663395
acceptor,syn_e6f20e741ee1af24,18,A,0.0
acceptor,syn_e6f20e741ee1af24,18,C,1.803254848564695e-05
acceptor,syn_e6f20e741ee1af24,18,G,-0.003981967451514357
acceptor,syn_e6f20e741ee1af24,18,T,0.0040000000000000036
acceptor,syn_e6f20e741ee1af24,19,A,0.00755005251607499
acceptor,syn_e6f20e741ee1af24,19,C,0.006003091190108223
acceptor,syn_e6f20e741ee1af24,19,G,0.0
acceptor,syn_e6f20e741ee1af24,19,T,0.00755005251607499
acceptor,syn_e6f20e741ee1af24,20,A,0.0
acceptor,syn_e6f20e741ee1af24,20,C,-0.0019788762614061373
acceptor,syn_e6f20e741ee1af24,20,G,-0.0019788762614061373
acceptor,syn_e6f20e741ee1af24,20,T,0.00013782126247663395
acceptor,syn_e6f20e741ee1af24,21,A,0.0
acceptor,syn_e6f20e741ee1af24,21,C,0.0
acceptor,syn_e6f20e741ee1af24,21,G,0.0
acceptor,syn_e6f20e741ee1af24,21,T,0.0
acceptor,syn_e6f20e741ee1af24,22,A,0.0
acceptor,syn_e6f20e741ee1af24,22,C,0.0
acceptor,syn_e6f20e741ee1af24,22,G,0.0
acceptor,syn_e6f20e741ee1af24,22,T,0.0
acceptor,syn_e6f20e741ee1af24,23,A,0.0
acceptor,syn_e6f20e741ee1af24,23,C,0.0
acceptor,syn_e6f20e741ee1af24,23,G,0.0
acceptor,syn_e6f20e741ee1af24,23,T,0.0
acceptor,syn_e6f20e741ee1af24,24,A,0.0
acceptor,syn_e6f20e741ee1af24,24,C,0.0
acceptor,syn_e6f20e741ee1af24,24,G,0.0
acceptor,syn_e6f20e741ee1af24,24,T,0.0
acceptor,syn_e6f20e741ee1af24,25,A,0.0
acceptor,syn_e6f20e741ee1af24,25,C,0.0
acceptor,syn_e6f20e741ee1af24,25,G,0.0
acceptor,syn_e6f20e741ee1af24,25,T,0.0
acceptor,syn_e6f20e741ee1af24,26,A,0.0
acceptor,syn_e6f20e741ee1af24,26,C,0.0
acceptor,syn_e6f20e741ee1af24,26,G,0.0
acceptor,syn_e6f20e741ee1af24,26,T,0.0
acceptor,syn_e6f20e741ee1af24,27,A,0.0
acceptor,syn_e6f20e741ee1af24,27,C,0.0
acceptor,syn_e6f20e741ee1af24,27,G,0.0
acceptor,syn_e6f20e741ee1af24,27,T,0.0
acceptor,syn_e6f20e741ee1af24,28,A,0.0
acceptor,syn_e6f20e741ee1af24,28,C,0.0
acceptor,syn_e6f20e741ee1af24,28,G,0.0
acceptor,syn_e6f20e741ee1af24,28,T,0.0
acceptor,syn_e6f20e741ee1af24,29,A,0.0
acceptor,syn_e6f20e741ee1af24,29,C,0.0
acceptor,syn_e6f20e741ee1af24,29,G,0.0
acceptor,syn_e6f20e741ee1af24,29,T,0.0
acceptor,syn_e6f20e741ee1af24,30,A,0.0
acceptor,syn_e6f20e741ee1af24,30,C,0.0
acceptor,syn_e6f20e741ee1af24,30,G,0.0
acceptor,syn_e6f20e741ee1af24,30,T,0.0
acceptor,syn_e6f20e741ee1af24,31,A,0.0
acceptor,syn_e6f20e741ee1af24,31,C,0.0
acceptor,syn_e6f20e741ee1af24,31,G,0.0
acceptor,syn_e6f20e741ee1af24,31,T,0.0
acceptor,syn_e6f20e741ee1af24,32,A,0.0
acceptor,syn_e6f20e741ee1af24,32,C,0.0
acceptor,syn_e6f20e741ee1af24,32,G,0.0
acceptor,syn_e6f20e741ee1af24,32,T,0.0
acceptor,syn_e6f20e741ee1af24,33,A,0.0
acceptor,syn_e6f20e741ee1af24,33,C,0.0
acceptor,syn_e6f20e741ee1af24,33,G,0.0
acceptor,syn_e6f20e741ee1af24,33,T,0.0
acceptor,syn_e6f20e741ee1af24,34,A,0.0
acceptor,syn_e6f20e741ee1af24,34,C,0.0
acceptor,syn_e6f20e741ee1af24,34,G,0.00013782126247663395
acceptor,syn_e6f20e741ee1af24,34,T,0.0
acceptor,syn_e6f20e741ee1af24,35,A,0.0
acceptor,syn_e6f20e741ee1af24,35,C,0.0
acceptor,syn_e6f20e741ee1af24,35,G,0.0
acceptor,syn_e6f20e741ee1af24,35,T,0.0
acceptor,syn_e6f20e741ee1af24,36,A,0.0
acceptor,syn_e6f20e741ee1af24,36,C,0.0
acceptor,syn_e6f20e741ee1af24,36,G,0.00013782126247663395
acceptor,syn_e6f20e741ee1af24,36,T,0.0
acceptor,syn_e6f20e741ee1af24,37,A,0.0
acceptor,syn_e6f20e741ee1af24,37,C,0.0
acceptor,syn_e6f20e741ee1af24,37,G,0.0
acceptor,syn_e6f20e741ee1af24,37,T,0.0
acceptor,syn_e6f20e741ee1af24,38,A,0.0
acceptor,syn_e6f20e741ee1af24,38,C,0.0
acceptor,syn_e6f20e741ee1af24,38,G,0.0
acceptor,syn_e6f20e741ee1af24,38,T,0.0
acceptor,syn_e6f20e741ee1af24,39,A,0.0
acceptor,syn_e6f20e741ee1af24,39,C,0.0
acceptor,syn_e6f20e741ee1af24,39,G,0.0
acceptor,syn_e6f20e741ee1af24,39,T,0.0
acceptor,syn_e6f20e741ee1af24,40,A,0.0
acceptor,syn_e6f20e741ee1af24,40,C,0.0
acceptor,syn_e6f20e741ee1af24,40,G,0.0
acceptor,syn_e6f20e741ee1af24,40,T,0.0
acceptor,syn_e6f20e741ee1af24,41,A,0.0
acceptor,syn_e6f20e741ee1af24,41,C,0.0
acceptor,syn_e6f20e741ee1af24,41,G,0.00013782126247663395
acceptor,syn_e6f20e741ee1af24,41,T,0.0
acceptor,syn_e6f20e741ee1af24,42,A,0.0
acceptor,syn_e6f20e741ee1af24,42,C,0.0
acceptor,syn_e6f20e741ee1af24,42,G,0.0
acceptor,syn_e6f20e741ee1af24,42,T,0.0
acceptor,syn_e6f20e741ee1af24,43,A,0.0
acceptor,syn_e6f20e741ee1af24,43,C,0.0
acceptor,syn_e6f20e741ee1af24,43,G,0.0
acceptor,syn_e6f20e741ee1af24,43,T,0.0
acceptor,syn_e6f20e741ee1af24,44,A,0.0
acceptor,syn_e6f20e741ee1af24,44,C,0.0
acceptor,syn_e6f20e741ee1af24,44,G,0.00013782126247663395
acceptor,syn_e6f20e741ee1af24,44,T,0.0
acceptor,syn_e6f20e741ee1af24,45,A,0.0
acceptor,syn_e6f20e741ee1af24,45,C,0.0
acceptor,syn_e6f20e741ee1af24,45,G,0.0
acceptor,syn_e6f20e741ee1af24,45,T,0.0
acceptor,syn_e6f20e741ee1af24,46,A,0.0
acceptor,syn_e6f20e741ee1af24,46,C,0.0
acceptor,syn_e6f20e741ee1af24,46,G,0.0
acceptor,syn_e6f20e741ee1af24,46,T,0.0
acceptor,syn_e6f20e741ee1af24,47,A,0.0
acceptor,syn_e6f20e741ee1af24,47,C,0.0
acceptor,syn_e6f20e741ee1af24,47,G,0.0
acceptor,syn_e6f20e741ee1af24,47,T,0.00013782126247663395
acceptor,syn_e6f20e741ee1af24,48,A,0.0
acceptor,syn_e6f20e741ee1af24,48,C,0.0
acceptor,syn_e6f20e741ee1af24,48,G,0.0
acceptor,syn_e6f20e741ee1af24,48,T,0.0
acceptor,syn_e6f20e741ee1af24,49,A,0.0
acceptor,syn_e6f20e741ee1af24,49,C,0.0
acceptor,syn_e6f20e741ee1af24,49,G,0.0
acceptor,syn_e6f20e741ee1af24,49,T,0.0
acceptor,syn_e6f20e741ee1af24,50,A,0.0
acceptor,syn_e6f20e741ee1af24,50,C,0.0
acceptor,syn_e6f20e741ee1af24,50,G,0.0
acceptor,syn_e6f20e741ee1af24,50,T,0.00013782126247663395
