model,case,sample_id,relative_position,alt_base,importance
CNN baseline (PyTorch Conv1D),hard_negative,ss_009179ffb87ba1a9,-30,A,-0.00021457672119140625
CNN baseline (PyTorch Conv1D),hard_negative,ss_009179ffb87ba1a9,-30,C,-9.381771087646484e-05
CNN baseline (PyTorch Conv1D),hard_negative,ss_009179ffb87ba1a9,-30,G,-4.696846008300781e-05
CNN baseline (PyTorch Conv1D),hard_negative,ss_009179ffb87ba1a9,-30,T,0.0
CNN baseline (PyTorch Conv1D),hard_negative,ss_009179ffb87ba1a9,-29,A,0.0
CNN baseline (PyTorch Conv1D),hard_negative,ss_009179ffb87ba1a9,-29,C,-0.0003286600112915039
CNN baseline (PyTorch Conv1D),hard_negative,ss_009179ffb87ba1a9,-29,G,-0.0005943179130554199
CNN baseline (PyTorch Conv1D),hard_negative,ss_009179ffb87ba1a9,-29,T,-0.0004481673240661621
CNN baseline (PyTorch Conv1D),hard_negative,ss_009179ffb87ba1a9,-28,A,-8.916854858398438e-05
CNN baseline (PyTorch Conv1D),hard_negative,ss_009179ffb87ba1a9,-28,C,0.0
CNN baseline (PyTorch Conv1D),hard_negative,ss_009179ffb87ba1a9,-28,G,-0.00028502941131591797
CNN baseline (PyTorch Conv1D),hard_negative,ss_009179ffb87ba1a9,-28,T,-0.0002467036247253418
CNN baseline (PyTorch Conv1D),hard_negative,ss_009179ffb87ba1a9,-27,A,-2.9087066650390625e-05
CNN baseline (PyTorch Conv1D),hard_negative,ss_009179ffb87ba1a9,-27,C,0.0
CNN baseline (PyTorch Conv1D),hard_negative,ss_009179ffb87ba1a9,-27,G,-0.00032144784927368164
CNN baseline (PyTorch Conv1D),hard_negative,ss_009179ffb87ba1a9,-27,T,0.0002002716064453125
CNN baseline (PyTorch Conv1D),hard_negative,ss_009179ffb87ba1a9,-26,A,-0.00013381242752075195
CNN baseline (PyTorch Conv1D),hard_negative,ss_009179ffb87ba1a9,-26,C,-0.00022810697555541992
CNN baseline (PyTorch Conv1D),hard_negative,ss_009179ffb87ba1a9,-26,G,-0.00010883808135986328
CNN baseline (PyTorch Conv1D),hard_negative,ss_009179ffb87ba1a9,-26,T,0.0
CNN baseline (PyTorch Conv1D),hard_negative,ss_009179ffb87ba1a9,-25,A,0.0
CNN baseline (PyTorch Conv1D),hard_negative,ss_009179ffb87ba1a9,-25,C,-0.00012671947479248047
CNN baseline (PyTorch Conv1D),hard_negative,ss_009179ffb87ba1a9,-25,G,-0.0001735687255859375
CNN baseline (PyTorch Conv1D),hard_negative,ss_009179ffb87ba1a9,-25,T,-0.00010216236114501953
CNN baseline (PyTorch Conv1D),hard_negative,ss_009179ffb87ba1a9,-24,A,-0.0003635883331298828
CNN baseline (PyTorch Conv1D),hard_negative,ss_009179ffb87ba1a9,-24,C,0.00011348724365234375
CNN baseline (PyTorch Conv1D),hard_negative,ss_009179ffb87ba1a9,-24,G,-3.653764724731445e-05
CNN baseline (PyTorch Conv1D),hard_negative,ss_009179ffb87ba1a9,-24,T,0.0
CNN baseline (PyTorch Conv1D),hard_negative,ss_009179ffb87ba1a9,-23,A,-0.0004661679267883301
CNN baseline (PyTorch Conv1D),hard_negative,ss_009179ffb87ba1a9,-23,C,0.00016820430755615234
CNN baseline (PyTorch Conv1D),hard_negative,ss_009179ffb87ba1a9,-23,G,0.0
CNN baseline (PyTorch Conv1D),hard_negative,ss_009179ffb87ba1a9,-23,T,-0.00021380186080932617
CNN baseline (PyTorch Conv1D),hard_negative,ss_009179ffb87ba1a9,-22,A,0.00020384788513183594
CNN baseline (PyTorch Conv1D),hard_negative,ss_009179ffb87ba1a9,-22,C,9.238719940185547e-05
CNN baseline (PyTorch Conv1D),hard_negative,ss_009179ffb87ba1a9,-22,G,0.0
CNN baseline (PyTorch Conv1D),hard_negative,ss_009179ffb87ba1a9,-22,T,0.00014036893844604492
CNN baseline (PyTorch Conv1D),hard_negative,ss_009179ffb87ba1a9,-21,A,0.00017052888870239258
CNN baseline (PyTorch Conv1D),hard_negative,ss_009179ffb87ba1a9,-21,C,-0.00010085105895996094
CNN baseline (PyTorch Conv1D),hard_negative,ss_009179ffb87ba1a9,-21,G,0.0
CNN baseline (PyTorch Conv1D),hard_negative,ss_009179ffb87ba1a9,-21,T,0.00011813640594482422
CNN baseline (PyTorch Conv1D),hard_negative,ss_009179ffb87ba1a9,-20,A,0.00022047758102416992
CNN baseline (PyTorch Conv1D),hard_negative,ss_009179ffb87ba1a9,-20,C,0.00017195940017700195
CNN baseline (PyTorch Conv1D),hard_negative,ss_009179ffb87ba1a9,-20,G,0.0002942681312561035
CNN baseline (PyTorch Conv1D),hard_negative,ss_009179ffb87ba1a9,-20,T,0.0
CNN baseline (PyTorch Conv1D),hard_negative,ss_009179ffb87ba1a9,-19,A,0.00017654895782470703
CNN baseline (PyTorch Conv1D),hard_negative,ss_009179ffb87ba1a9,-19,C,-0.00033348798751831055
CNN baseline (PyTorch Conv1D),hard_negative,ss_009179ffb87ba1a9,-19,G,-1.895427703857422e-05
CNN baseline (PyTorch Conv1D),hard_negative,ss_009179ffb87ba1a9,-19,T,0.0
CNN baseline (PyTorch Conv1D),hard_negative,ss_009179ffb87ba1a9,-18,A,-0.0007645487785339355
CNN baseline (PyTorch Conv1D),hard_negative,ss_009179ffb87ba1a9,-18,C,0.00015467405319213867
CNN baseline (PyTorch Conv1D),hard_negative,ss_009179ffb87ba1a9,-18,G,0.0
CNN baseline (PyTorch Conv1D),hard_negative,ss_009179ffb87ba1a9,-18,T,0.0001823902130126953
CNN baseline (PyTorch Conv1D),hard_negative,ss_009179ffb87ba1a9,-17,A,-3.421306610107422e-05
CNN baseline (PyTorch Conv1D),hard_negative,ss_009179ffb87ba1a9,-17,C,0.0
CNN baseline (PyTorch Conv1D),hard_negative,ss_009179ffb87ba1a9,-17,G,0.00018519163131713867
CNN baseline (PyTorch Conv1D),hard_negative,ss_009179ffb87ba1a9,-17,T,0.00018483400344848633
CNN baseline (PyTorch Conv1D),hard_negative,ss_009179ffb87ba1a9,-16,A,0.0
CNN baseline (PyTorch Conv1D),hard_negative,ss_009179ffb87ba1a9,-16,C,9.381771087646484e-05
CNN baseline (PyTorch Conv1D),hard_negative,ss_009179ffb87ba1a9,-16,G,9.5367431640625e-05
CNN baseline (PyTorch Conv1D),hard_negative,ss_009179ffb87ba1a9,-16,T,0.00016820430755615234
CNN baseline (PyTorch Conv1D),hard_negative,ss_009179ffb87ba1a9,-15,A,-0.0002244710922241211
CNN baseline (PyTorch Conv1D),hard_negative,ss_009179ffb87ba1a9,-15,C,0.0
CNN baseline (PyTorch Conv1D),hard_negative,ss_009179ffb87ba1a9,-15,G,-0.0002104640007019043
CNN baseline (PyTorch Conv1D),hard_negative,ss_009179ffb87ba1a9,-15,T,-0.0003312230110168457
CNN baseline (PyTorch Conv1D),hard_negative,ss_009179ffb87ba1a9,-14,A,-5.429983139038086e-05
CNN baseline (PyTorch Conv1D),hard_negative,ss_009179ffb87ba1a9,-14,C,-9.691715240478516e-05
CNN baseline (PyTorch Conv1D),hard_negative,ss_009179ffb87ba1a9,-14,G,-0.00023621320724487305
CNN baseline (PyTorch Conv1D),hard_negative,ss_009179ffb87ba1a9,-14,T,0.0
CNN baseline (PyTorch Conv1D),hard_negative,ss_009179ffb87ba1a9,-13,A,0.00011372566223144531
CNN baseline (PyTorch Conv1D),hard_negative,ss_009179ffb87ba1a9,-13,C,0.0
CNN baseline (PyTorch Conv1D),hard_negative,ss_009179ffb87ba1a9,-13,G,-0.00015914440155029297
CNN baseline (PyTorch Conv1D),hard_negative,ss_009179ffb87ba1a9,-13,T,-0.00033104419708251953
CNN baseline (PyTorch Conv1D),hard_negative,ss_009179ffb87ba1a9,-12,A,0.00018554925918579102
CNN baseline (PyTorch Conv1D),hard_negative,ss_009179ffb87ba1a9,-12,C,-0.00010561943054199219
CNN baseline (PyTorch Conv1D),hard_negative,ss_009179ffb87ba1a9,-12,G,-0.00013870000839233398
CNN baseline (PyTorch Conv1D),hard_negative,ss_009179ffb87ba1a9,-12,T,0.0
CNN baseline (PyTorch Conv1D),hard_negative,ss_009179ffb87ba1a9,-11,A,3.0100345611572266e-05
CNN baseline (PyTorch Conv1D),hard_negative,ss_009179ffb87ba1a9,-11,C,4.5418739318847656e-05
CNN baseline (PyTorch Conv1D),hard_negative,ss_009179ffb87ba1a9,-11,G,0.0
CNN baseline (PyTorch Conv1D),hard_negative,ss_009179ffb87ba1a9,-11,T,-8.237361907958984e-05
CNN baseline (PyTorch Conv1D),hard_negative,ss_009179ffb87ba1a9,-10,A,0.0
CNN baseline (PyTorch Conv1D),hard_negative,ss_009179ffb87ba1a9,-10,C,1.1086463928222656e-05
CNN baseline (PyTorch Conv1D),hard_negative,ss_009179ffb87ba1a9,-10,G,6.031990051269531e-05
CNN baseline (PyTorch Conv1D),hard_negative,ss_009179ffb87ba1a9,-10,T,0.00022584199905395508
CNN baseline (PyTorch Conv1D),hard_negative,ss_009179ffb87ba1a9,-9,A,9.149312973022461e-05
CNN baseline (PyTorch Conv1D),hard_negative,ss_009179ffb87ba1a9,-9,C,0.0001266002655029297
CNN baseline (PyTorch Conv1D),hard_negative,ss_009179ffb87ba1a9,-9,G,0.0
CNN baseline (PyTorch Conv1D),hard_negative,ss_009179ffb87ba1a9,-9,T,0.0001004934310913086
CNN baseline (PyTorch Conv1D),hard_negative,ss_009179ffb87ba1a9,-8,A,0.0
CNN baseline (PyTorch Conv1D),hard_negative,ss_009179ffb87ba1a9,-8,C,0.0018740296363830566
CNN baseline (PyTorch Conv1D),hard_negative,ss_009179ffb87ba1a9,-8,G,0.0003458857536315918
CNN baseline (PyTorch Conv1D),hard_negative,ss_009179ffb87ba1a9,-8,T,0.002164602279663086
CNN baseline (PyTorch Conv1D),hard_negative,ss_009179ffb87ba1a9,-7,A,-0.0020915865898132324
CNN baseline (PyTorch Conv1D),hard_negative,ss_009179ffb87ba1a9,-7,C,0.0004943609237670898
CNN baseline (PyTorch Conv1D),hard_negative,ss_009179ffb87ba1a9,-7,G,0.0004411935806274414
CNN baseline (PyTorch Conv1D),hard_negative,ss_009179ffb87ba1a9,-7,T,0.0
CNN baseline (PyTorch Conv1D),hard_negative,ss_009179ffb87ba1a9,-6,A,-0.00010448694229125977
CNN baseline (PyTorch Conv1D),hard_negative,ss_009179ffb87ba1a9,-6,C,0.006438076496124268
CNN baseline (PyTorch Conv1D),hard_negative,ss_009179ffb87ba1a9,-6,G,0.0
CNN baseline (PyTorch Conv1D),hard_negative,ss_009179ffb87ba1a9,-6,T,0.013206005096435547
CNN baseline (PyTorch Conv1D),hard_negative,ss_009179ffb87ba1a9,-5,A,-0.003045499324798584
CNN baseline (PyTorch Conv1D),hard_negative,ss_009179ffb87ba1a9,-5,C,0.0013804435729980469
CNN baseline (PyTorch Conv1D),hard_negative,ss_009179ffb87ba1a9,-5,G,0.00038439035415649414
CNN baseline (PyTorch Conv1D),hard_negative,ss_009179ffb87ba1a9,-5,T,0.0
CNN baseline (PyTorch Conv1D),hard_negative,ss_009179ffb87ba1a9,-4,A,-0.00022047758102416992
CNN baseline (PyTorch Conv1D),hard_negative,ss_009179ffb87ba1a9,-4,C,0.0027637481689453125
CNN baseline (PyTorch Conv1D),hard_negative,ss_009179ffb87ba1a9,-4,G,0.0
CNN baseline (PyTorch Conv1D),hard_negative,ss_009179ffb87ba1a9,-4,T,-0.001007080078125
CNN baseline (PyTorch Conv1D),hard_negative,ss_009179ffb87ba1a9,-3,A,-0.0004024505615234375
CNN baseline (PyTorch Conv1D),hard_negative,ss_009179ffb87ba1a9,-3,C,-0.0050119757652282715
CNN baseline (PyTorch Conv1D),hard_negative,ss_009179ffb87ba1a9,-3,G,-0.005610048770904541
CNN baseline (PyTorch Conv1D),hard_negative,ss_009179ffb87ba1a9,-3,T,0.0
CNN baseline (PyTorch Conv1D),hard_negative,ss_009179ffb87ba1a9,-2,A,0.035531044006347656
CNN baseline (PyTorch Conv1D),hard_negative,ss_009179ffb87ba1a9,-2,C,0.007887959480285645
CNN baseline (PyTorch Conv1D),hard_negative,ss_009179ffb87ba1a9,-2,G,-0.00016683340072631836
CNN baseline (PyTorch Conv1D),hard_negative,ss_009179ffb87ba1a9,-2,T,0.0
CNN baseline (PyTorch Conv1D),hard_negative,ss_009179ffb87ba1a9,-1,A,0.0846300721168518
CNN baseline (PyTorch Conv1D),hard_negative,ss_009179ffb87ba1a9,-1,C,0.02570563554763794
CNN baseline (PyTorch Conv1D),hard_negative,ss_009179ffb87ba1a9,-1,G,0.05755949020385742
CNN baseline (PyTorch Conv1D),hard_negative,ss_009179ffb87ba1a9,-1,T,0.0
CNN baseline (PyTorch Conv1D),hard_negative,ss_009179ffb87ba1a9,0,A,-0.0021455883979797363
CNN baseline (PyTorch Conv1D),hard_negative,ss_009179ffb87ba1a9,0,C,0.030785679817199707
CNN baseline (PyTorch Conv1D),hard_negative,ss_009179ffb87ba1a9,0,G,0.21012336015701294
CNN baseline (PyTorch Conv1D),hard_negative,ss_009179ffb87ba1a9,0,T,0.0
CNN baseline (PyTorch Conv1D),hard_negative,ss_009179ffb87ba1a9,1,A,0.021240830421447754
CNN baseline (PyTorch Conv1D),hard_negative,ss_009179ffb87ba1a9,1,C,0.04001563787460327
CNN baseline (PyTorch Conv1D),hard_negative,ss_009179ffb87ba1a9,1,G,0.0
CNN baseline (PyTorch Conv1D),hard_negative,ss_009179ffb87ba1a9,1,T,0.05470365285873413
CNN baseline (PyTorch Conv1D),hard_negative,ss_009179ffb87ba1a9,2,A,0.02591925859451294
CNN baseline (PyTorch Conv1D),hard_negative,ss_009179ffb87ba1a9,2,C,0.032038748264312744
CNN baseline (PyTorch Conv1D),hard_negative,ss_009179ffb87ba1a9,2,G,0.010925889015197754
CNN baseline (PyTorch Conv1D),hard_negative,ss_009179ffb87ba1a9,2,T,0.0
CNN baseline (PyTorch Conv1D),hard_negative,ss_009179ffb87ba1a9,3,A,0.17011338472366333
CNN baseline (PyTorch Conv1D),hard_negative,ss_009179ffb87ba1a9,3,C,0.0
CNN baseline (PyTorch Conv1D),hard_negative,ss_009179ffb87ba1a9,3,G,0.06750994920730591
CNN baseline (PyTorch Conv1D),hard_negative,ss_009179ffb87ba1a9,3,T,-0.006364285945892334
CNN baseline (PyTorch Conv1D),hard_negative,ss_009179ffb87ba1a9,4,A,0.08646929264068604
CNN baseline (PyTorch Conv1D),hard_negative,ss_009179ffb87ba1a9,4,C,0.016816020011901855
CNN baseline (PyTorch Conv1D),hard_negative,ss_009179ffb87ba1a9,4,G,0.012693166732788086
CNN baseline (PyTorch Conv1D),hard_negative,ss_009179ffb87ba1a9,4,T,0.0
CNN baseline (PyTorch Conv1D),hard_negative,ss_009179ffb87ba1a9,5,A,-0.017724990844726562
CNN baseline (PyTorch Conv1D),hard_negative,ss_009179ffb87ba1a9,5,C,-0.015840768814086914
CNN baseline (PyTorch Conv1D),hard_negative,ss_009179ffb87ba1a9,5,G,0.0
CNN baseline (PyTorch Conv1D),hard_negative,ss_009179ffb87ba1a9,5,T,-0.014864683151245117
CNN baseline (PyTorch Conv1D),hard_negative,ss_009179ffb87ba1a9,6,A,0.0
CNN baseline (PyTorch Conv1D),hard_negative,ss_009179ffb87ba1a9,6,C,0.002289712429046631
CNN baseline (PyTorch Conv1D),hard_negative,ss_009179ffb87ba1a9,6,G,0.01084369421005249
CNN baseline (PyTorch Conv1D),hard_negative,ss_009179ffb87ba1a9,6,T,0.02764803171157837
CNN baseline (PyTorch Conv1D),hard_negative,ss_009179ffb87ba1a9,7,A,0.0062836408615112305
CNN baseline (PyTorch Conv1D),hard_negative,ss_009179ffb87ba1a9,7,C,0.0
CNN baseline (PyTorch Conv1D),hard_negative,ss_009179ffb87ba1a9,7,G,-0.0018572211265563965
CNN baseline (PyTorch Conv1D),hard_negative,ss_009179ffb87ba1a9,7,T,-0.0028747916221618652
CNN baseline (PyTorch Conv1D),hard_negative,ss_009179ffb87ba1a9,8,A,0.0006116032600402832
CNN baseline (PyTorch Conv1D),hard_negative,ss_009179ffb87ba1a9,8,C,0.0015549063682556152
CNN baseline (PyTorch Conv1D),hard_negative,ss_009179ffb87ba1a9,8,G,-0.002231895923614502
CNN baseline (PyTorch Conv1D),hard_negative,ss_009179ffb87ba1a9,8,T,0.0
CNN baseline (PyTorch Conv1D),hard_negative,ss_009179ffb87ba1a9,9,A,-0.0002702474594116211
CNN baseline (PyTorch Conv1D),hard_negative,ss_009179ffb87ba1a9,9,C,0.0
CNN baseline (PyTorch Conv1D),hard_negative,ss_009179ffb87ba1a9,9,G,-9.66191291809082e-05
CNN baseline (PyTorch Conv1D),hard_negative,ss_009179ffb87ba1a9,9,T,6.020069122314453e-06
CNN baseline (PyTorch Conv1D),hard_negative,ss_009179ffb87ba1a9,10,A,0.0
CNN baseline (PyTorch Conv1D),hard_negative,ss_009179ffb87ba1a9,10,C,1.7464160919189453e-05
CNN baseline (PyTorch Conv1D),hard_negative,ss_009179ffb87ba1a9,10,G,0.0002879500389099121
CNN baseline (PyTorch Conv1D),hard_negative,ss_009179ffb87ba1a9,10,T,-2.7835369110107422e-05
CNN baseline (PyTorch Conv1D),hard_negative,ss_009179ffb87ba1a9,11,A,0.0
CNN baseline (PyTorch Conv1D),hard_negative,ss_009179ffb87ba1a9,11,C,-2.5451183319091797e-05
CNN baseline (PyTorch Conv1D),hard_negative,ss_009179ffb87ba1a9,11,G,-4.6193599700927734e-05
CNN baseline (PyTorch Conv1D),hard_negative,ss_009179ffb87ba1a9,11,T,-7.963180541992188e-05
CNN baseline (PyTorch Conv1D),hard_negative,ss_009179ffb87ba1a9,12,A,0.0
CNN baseline (PyTorch Conv1D),hard_negative,ss_009179ffb87ba1a9,12,C,0.0003355741500854492
CNN baseline (PyTorch Conv1D),hard_negative,ss_009179ffb87ba1a9,12,G,1.3530254364013672e-05
CNN baseline (PyTorch Conv1D),hard_negative,ss_009179ffb87ba1a9,12,T,-0.00020879507064819336
CNN baseline (PyTorch Conv1D),hard_negative,ss_009179ffb87ba1a9,13,A,-0.00021123886108398438
CNN baseline (PyTorch Conv1D),hard_negative,ss_009179ffb87ba1a9,13,C,-2.9206275939941406e-05
CNN baseline (PyTorch Conv1D),hard_negative,ss_009179ffb87ba1a9,13,G,0.0
CNN baseline (PyTorch Conv1D),hard_negative,ss_009179ffb87ba1a9,13,T,1.3530254364013672e-05
CNN baseline (PyTorch Conv1D),hard_negative,ss_009179ffb87ba1a9,14,A,0.0
CNN baseline (PyTorch Conv1D),hard_negative,ss_009179ffb87ba1a9,14,C,-0.00012379884719848633
CNN baseline (PyTorch Conv1D),hard_negative,ss_009179ffb87ba1a9,14,G,-9.250640869140625e-05
CNN baseline (PyTorch Conv1D),hard_negative,ss_009179ffb87ba1a9,14,T,-0.000133514404296875
CNN baseline (PyTorch Conv1D),hard_negative,ss_009179ffb87ba1a9,15,A,0.0
CNN baseline (PyTorch Conv1D),hard_negative,ss_009179ffb87ba1a9,15,C,-0.0003756880760192871
CNN baseline (PyTorch Conv1D),hard_negative,ss_009179ffb87ba1a9,15,G,-6.282329559326172e-05
CNN baseline (PyTorch Conv1D),hard_negative,ss_009179ffb87ba1a9,15,T,-2.1398067474365234e-05
CNN baseline (PyTorch Conv1D),hard_negative,ss_009179ffb87ba1a9,16,A,-0.0002917051315307617
CNN baseline (PyTorch Conv1D),hard_negative,ss_009179ffb87ba1a9,16,C,2.485513687133789e-05
CNN baseline (PyTorch Conv1D),hard_negative,ss_009179ffb87ba1a9,16,G,-0.00010985136032104492
CNN baseline (PyTorch Conv1D),hard_negative,ss_009179ffb87ba1a9,16,T,0.0
CNN baseline (PyTorch Conv1D),hard_negative,ss_009179ffb87ba1a9,17,A,0.0
CNN baseline (PyTorch Conv1D),hard_negative,ss_009179ffb87ba1a9,17,C,0.00011104345321655273
CNN baseline (PyTorch Conv1D),hard_negative,ss_009179ffb87ba1a9,17,G,0.0001474618911743164
CNN baseline (PyTorch Conv1D),hard_negative,ss_009179ffb87ba1a9,17,T,0.0001564621925354004
CNN baseline (PyTorch Conv1D),hard_negative,ss_009179ffb87ba1a9,18,A,-0.00037091970443725586
CNN baseline (PyTorch Conv1D),hard_negative,ss_009179ffb87ba1a9,18,C,-0.0002459883689880371
CNN baseline (PyTorch Conv1D),hard_negative,ss_009179ffb87ba1a9,18,G,-5.2869319915771484e-05
CNN baseline (PyTorch Conv1D),hard_negative,ss_009179ffb87ba1a9,18,T,0.0
CNN baseline (PyTorch Conv1D),hard_negative,ss_009179ffb87ba1a9,19,A,-0.0004258155822753906
CNN baseline (PyTorch Conv1D),hard_negative,ss_009179ffb87ba1a9,19,C,-2.944469451904297e-05
CNN baseline (PyTorch Conv1D),hard_negative,ss_009179ffb87ba1a9,19,G,-0.00021845102310180664
CNN baseline (PyTorch Conv1D),hard_negative,ss_009179ffb87ba1a9,19,T,0.0
CNN baseline (PyTorch Conv1D),hard_negative,ss_009179ffb87ba1a9,20,A,-0.00034314393997192383
CNN baseline (PyTorch Conv1D),hard_negative,ss_009179ffb87ba1a9,20,C,1.7464160919189453e-05
CNN baseline (PyTorch Conv1D),hard_negative,ss_009179ffb87ba1a9,20,G,-2.3663043975830078e-05
CNN baseline (PyTorch Conv1D),hard_negative,ss_009179ffb87ba1a9,20,T,0.0
CNN baseline (PyTorch Conv1D),hard_negative,ss_009179ffb87ba1a9,21,A,-0.0005137324333190918
CNN baseline (PyTorch Conv1D),hard_negative,ss_009179ffb87ba1a9,21,C,-0.00026047229766845703
CNN baseline (PyTorch Conv1D),hard_negative,ss_009179ffb87ba1a9,21,G,-0.00016605854034423828
CNN baseline (PyTorch Conv1D),hard_negative,ss_009179ffb87ba1a9,21,T,0.0
CNN baseline (PyTorch Conv1D),hard_negative,ss_009179ffb87ba1a9,22,A,-0.0011242032051086426
CNN baseline (PyTorch Conv1D),hard_negative,ss_009179ffb87ba1a9,22,C,-2.276897430419922e-05
CNN baseline (PyTorch Conv1D),hard_negative,ss_009179ffb87ba1a9,22,G,-0.00029736757278442383
CNN baseline (PyTorch Conv1D),hard_negative,ss_009179ffb87ba1a9,22,T,0.0
CNN baseline (PyTorch Conv1D),hard_negative,ss_009179ffb87ba1a9,23,A,0.0
CNN baseline (PyTorch Conv1D),hard_negative,ss_009179ffb87ba1a9,23,C,0.00024580955505371094
CNN baseline (PyTorch Conv1D),hard_negative,ss_009179ffb87ba1a9,23,G,0.00022989511489868164
CNN baseline (PyTorch Conv1D),hard_negative,ss_009179ffb87ba1a9,23,T,0.00014126300811767578
CNN baseline (PyTorch Conv1D),hard_negative,ss_009179ffb87ba1a9,24,A,-0.0002449154853820801
CNN baseline (PyTorch Conv1D),hard_negative,ss_009179ffb87ba1a9,24,C,0.0002868771553039551
CNN baseline (PyTorch Conv1D),hard_negative,ss_009179ffb87ba1a9,24,G,-3.2067298889160156e-05
CNN baseline (PyTorch Conv1D),hard_negative,ss_009179ffb87ba1a9,24,T,0.0
CNN baseline (PyTorch Conv1D),hard_negative,ss_009179ffb87ba1a9,25,A,0.0
CNN baseline (PyTorch Conv1D),hard_negative,ss_009179ffb87ba1a9,25,C,-0.0003922581672668457
CNN baseline (PyTorch Conv1D),hard_negative,ss_009179ffb87ba1a9,25,G,-0.0003319978713989258
CNN baseline (PyTorch Conv1D),hard_negative,ss_009179ffb87ba1a9,25,T,-0.00020194053649902344
CNN baseline (PyTorch Conv1D),hard_negative,ss_009179ffb87ba1a9,26,A,0.00016456842422485352
CNN baseline (PyTorch Conv1D),hard_negative,ss_009179ffb87ba1a9,26,C,5.53131103515625e-05
CNN baseline (PyTorch Conv1D),hard_negative,ss_009179ffb87ba1a9,26,G,0.0020438432693481445
CNN baseline (PyTorch Conv1D),hard_negative,ss_009179ffb87ba1a9,26,T,0.0
CNN baseline (PyTorch Conv1D),hard_negative,ss_009179ffb87ba1a9,27,A,0.0
CNN baseline (PyTorch Conv1D),hard_negative,ss_009179ffb87ba1a9,27,C,0.000494539737701416
CNN baseline (PyTorch Conv1D),hard_negative,ss_009179ffb87ba1a9,27,G,0.0004602670669555664
CNN baseline (PyTorch Conv1D),hard_negative,ss_009179ffb87ba1a9,27,T,3.987550735473633e-05
CNN baseline (PyTorch Conv1D),hard_negative,ss_009179ffb87ba1a9,28,A,-0.00023370981216430664
CNN baseline (PyTorch Conv1D),hard_negative,ss_009179ffb87ba1a9,28,C,-0.00010693073272705078
CNN baseline (PyTorch Conv1D),hard_negative,ss_009179ffb87ba1a9,28,G,-0.0002728104591369629
CNN baseline (PyTorch Conv1D),hard_negative,ss_009179ffb87ba1a9,28,T,0.0
CNN baseline (PyTorch Conv1D),hard_negative,ss_009179ffb87ba1a9,29,A,1.2218952178955078e-05
CNN baseline (PyTorch Conv1D),hard_negative,ss_009179ffb87ba1a9,29,C,0.00010448694229125977
CNN baseline (PyTorch Conv1D),hard_negative,ss_009179ffb87ba1a9,29,G,-0.0002511143684387207
CNN baseline (PyTorch Conv1D),hard_negative,ss_009179ffb87ba1a9,29,T,0.0
CNN baseline (PyTorch Conv1D),hard_negative,ss_009179ffb87ba1a9,30,A,-0.0003139972686767578
CNN baseline (PyTorch Conv1D),hard_negative,ss_009179ffb87ba1a9,30,C,0.0
CNN baseline (PyTorch Conv1D),hard_negative,ss_009179ffb87ba1a9,30,G,-0.00037282705307006836
CNN baseline (PyTorch Conv1D),hard_negative,ss_009179ffb87ba1a9,30,T,-0.000186920166015625
